Movie title,Year,IMDb rating
Planet Earth II,2016,9.4
Breaking Bad,2008,9.4
Planet Earth,2006,9.4
Band of Brothers,2001,9.4
Chernobyl,2019,9.3
The Wire,2002,9.3
Blue Planet II,2017,9.2
Avatar: The Last Airbender,2005,9.2
Cosmos: A Spacetime Odyssey,2014,9.2
The Sopranos,1999,9.2
Cosmos,1980,9.2
Our Planet,2019,9.2
Game of Thrones,2011,9.1
Rick and Morty,2013,9.1
The World at War,1973,9.1
Hagane no renkinjutsushi,2003,8.5
The Last Dance,2020,9.0
Life,2009,9.0
Sherlock,2010,9.0
The Twilight Zone,1959,9.0
The Vietnam War,2017,9.0
Batman: The Animated Series,1992,9.0
Scam 1992: The Harshad Mehta Story,2020,9.0
Arcane: League of Legends,2021,8.9
The Blue Planet,2001,8.9
Shingeki no Kyojin,2013,8.9
The Office,2001,8.5
Firefly,2002,8.9
Human Planet,2011,8.9
Frozen Planet,2011,8.9
Death Note: Desu nôto,2006,8.9
Only Fools and Horses....,1981,8.9
Hunter x Hunter,2011,8.9
The Civil War,1990,8.9
True Detective,2014,8.9
Seinfeld,1989,8.9
The Beatles: Get Back,2021,8.9
Sahsiyet,2018,8.9
Better Call Saul,2015,8.9
Dekalog,1989,8.9
Fargo,2014,8.9
Clarkson's Farm,2021,8.9
Kaubôi bibappu,1998,8.9
Nathan for You,2013,8.8
Gravity Falls,2012,8.8
When They See Us,2019,8.8
Last Week Tonight with John Oliver,2014,8.8
Friends,1994,8.8
TVF Pitchers,2015,8.8
Africa,2013,8.8
Apocalypse: La 2ème guerre mondiale,2009,8.8
Monty Python's Flying Circus,1969,8.8
It's Always Sunny in Philadelphia,2005,8.8
Taskmaster,2015,8.8
Das Boot,1985,8.8
Curb Your Enthusiasm,2000,8.8
The West Wing,1999,8.8
Pride and Prejudice,1995,8.8
Leyla ile Mecnun,2011,8.8
Fawlty Towers,1975,8.8
Freaks and Geeks,1999,8.8
Blackadder Goes Forth,1989,8.7
Twin Peaks,2017,8.5
Black Mirror,2011,8.7
Narcos,2015,8.7
BoJack Horseman,2014,8.7
Succession,2018,8.7
Chappelle's Show,2003,8.7
Dragon Ball Z,1989,8.7
Dragon Ball Z: Doragon bôru zetto,1989,8.7
"I, Claudius",1976,8.7
One Piece: Wan pîsu,1999,8.7
South Park,1997,8.7
Rome,2005,8.7
Peaky Blinders,2013,8.7
Six Feet Under,2001,8.7
Ted Lasso,2020,8.7
Oz,1997,8.7
Gibi,2021,8.7
Over the Garden Wall,2014,8.7
Kota Factory,2019,8.7
Dark,2017,8.7
The Mandalorian,2019,8.7
Steins;Gate,2011,8.7
Arrested Development,2003,8.7
The Boys,2019,8.7
One Punch Man: Wanpanman,2015,8.7
The Simpsons,1989,8.7
House M.D.,2004,8.7
The Shield,2002,8.7
Fleabag,2016,8.7
Battlestar Galactica,2003,8.5
Sarabhai V/S Sarabhai,2004,8.6
Stranger Things,2016,8.6
Downton Abbey,2010,8.6
Invincible,2021,8.6
Gullak,2019,8.6
Mad Men,2007,8.6
Vinland Saga,2019,8.6
Panchayat,2020,8.6
The Marvelous Mrs. Maisel,2017,8.6
Peep Show,2003,8.6
House of Cards,2013,8.6
Severance,2022,8.6
Star Trek: The Next Generation,1987,8.6
The Crown,2016,8.6
The Adventures of Sherlock Holmes,1984,8.6
Friday Night Lights,2006,8.6
Top Gear,2002,8.6
The Grand Tour,2016,8.6
Kenpuu Denki Berserk,1997,8.6
The Thick of It,2005,8.6
1883,2021,8.6
Justice League Unlimited,2004,8.6
Line of Duty,2012,8.6
Mahabharat,1988,8.6
Deadwood,2004,8.6
Dexter,2006,8.6
The X Files,1993,8.6
Parks and Recreation,2009,8.6
Father Ted,1995,8.6
Aspirants,2021,8.6
The Jinx: The Life and Deaths of Robert Durst,2015,8.6
This Is Us,2016,8.6
The Rehearsal,2022,8.6
Naruto: Shippûden,2007,8.6
Behzat Ç.: Bir Ankara Polisiyesi,2010,8.6
Blackadder II,1986,8.6
Heartstopper,2022,8.6
Kôdo giasu - Hangyaku no rurûshu: Code Geass - Lelouch of the Rebellion,2006,8.6
Bron/Broen,2011,8.6
Atlanta,2016,8.6
Primal,2019,8.6
Kimetsu no Yaiba,2019,8.6
Daredevil,2015,8.6
It's a Sin,2021,8.6
Archer,2009,8.6
Mystery Science Theater 3000,1988,8.6
Young Justice,2010,8.6
Gomorra: La serie,2014,8.6
Critical Role,2015,8.6
Yeh Meri Family,2018,8.6
Blackadder the Third,1987,8.6
The Return of Sherlock Holmes,1986,8.6
Lonesome Dove,1989,8.6
Monster,2004,8.6
Ramayan,1987,8.6
Adventure Time,2010,8.6
Yellowstone,2018,8.6
Mindhunter,2017,8.5
Haikyuu!!,2014,8.5
QI,2003,8.5
Anne,2017,8.5
Mr. Bean,1990,8.5
Making a Murderer,2015,8.5
Dopesick,2021,8.5
Yes Minister,1980,8.5
Poirot,1989,8.5
The Eric Andre Show,2012,8.5
Justified,2010,8.5
Boardwalk Empire,2010,8.5
The Haunting of Hill House,2018,8.5
The Newsroom,2012,8.5
The Bugs Bunny Show,1960,8.5
Formula 1: Drive to Survive,2019,8.5
The Queen's Gambit,2020,8.5
Impractical Jokers,2011,8.5
Flight of the Conchords,2007,8.5
Pose,2018,8.5
Dragon Ball: Doragon bôru,1986,8.5
Justice League,2001,8.5
Sa-rang-eui bul-sa-chak,2019,8.5
Coupling,2000,8.5
Dragon Ball,1995,8.5
Spaced,1999,8.5
The Venture Bros.,2003,8.5
Homicide: Life on the Street,1993,8.5
The Offer,2022,8.5
Long Way Round,2004,8.5
Le Bureau des Légendes,2015,8.5
Senke nad Balkanom,2017,8.5
What We Do in the Shadows,2019,8.5
The Family Man,2019,8.5
"Yes, Prime Minister",1986,8.5
Samurai chanpurû,2004,8.5
The IT Crowd,2006,8.5
Westworld,2016,8.5
Louie,2010,8.5
I'm Alan Partridge,1997,8.5
Mr. Robot,2015,8.5
Letterkenny,2016,8.5
Through the Wormhole,2010,8.5
Whose Line Is It Anyway?,1998,8.5
House of the Dragon,2022,8.5
Shameless,2011,8.5
Samurai Jack,2001,8.5
Weird Lawyer Woo Young Woo,2022,8.5
Spartacus: Blood and Sand,2010,8.5
Brass Eye,1997,8.5
Skam,2015,8.5
Ezel,2009,8.5
Doctor Who,2005,8.5
North & South,2004,8.5
Sons of Anarchy,2008,8.5
Shin seiki evangerion,1995,8.5
Jujutsu Kaisen,2020,8.5
Silicon Valley,2014,8.5
Trailer Park Boys,2001,8.5
Endeavour,2012,8.5
Detectorists,2014,8.5
From the Earth to the Moon,1998,8.5
Spartacus: Gods of the Arena,2011,8.5
Mob Psycho 100,2016,8.5
Rurouni Kenshin: Meiji Kenkaku Romantan: Tsuioku Hen,1999,8.5
Futurama,1999,8.5
Cobra Kai,2018,8.5
Umbre,2014,8.5
Hannibal,2013,8.5
Community,2009,8.4
Schitt's Creek,2015,8.4
The Expanse,2015,8.4
Chef's Table,2015,8.4
The Angry Video Game Nerd,2004,8.4
Generation Kill,2008,8.4
Regular Show,2009,8.4
The Night Of,2016,8.4
Mr Inbetween,2018,8.4
L'amica geniale,2018,8.4
Alfred Hitchcock Presents,1955,8.4
Wentworth,2013,8.4
Big Little Lies,2017,8.4
Shigatsu wa kimi no uso,2014,8.4
The Knick,2014,8.4
Content Cop,2015,8.4
Queer Eye,2018,8.4
Southland,2009,8.4
Avrupa Yakasi,2004,8.4
Black Books,2000,8.4
John Adams,2008,8.4
X-Men,1992,8.4
The Defiant Ones,2017,8.4
Garth Marenghi's Darkplace,2004,8.4
RuPaul's Drag Race,2009,8.4
The Punisher,2017,8.4
Foyle's War,2002,8.4
Spy x Family,2022,8.4
